{"YS(MPa)": {"min": 194.42283, "max": 423.40497}, "CSC": {"min": 0.313578, "max": 1.1718362}, "Therm.conductivity(W/(mK))": {"min": 148.924, "max": 198.787}, "El. resistivity(ohm m)": {"min": 6.77255e-08, "max": 9.54828e-08}, "hardness(Vickers)": {"min": 59.62143, "max": 129.38282}, "Density(g/cm3)": {"min": 2.65773, "max": 2.76437}, "Linear thermal expansion (1/K)(20.0-300.0\u00b0C)": {"min": 2.29276e-05, "max": 2.73566e-05}, "Therm. diffusivity(m2/s)": {"min": 5.61468e-05, "max": 7.24971e-05}, "heat capacity(J/(mol K))": {"min": 27.3043, "max": 27.8033}, "Therm.resistivity(mK/W)": {"min": 0.00502293, "max": 0.00671866}, "El.conductivity(S/m)": {"min": 10470700.0, "max": 14769200.0}, "CTEvol(1/K)(20.0-300.0\u00b0C)": {"min": 6.88649e-05, "max": 8.21069e-05}, "Technical thermal expansion (1/K)(20.0-300.0\u00b0C)": {"min": 2.09473e-05, "max": 2.49547e-05}, "Volume(m3/mol)": {"min": 1.01216e-05, "max": 1.03585e-05}}